1,taramani,broadway
2,broadway,taramani
3,broadway,ambathur estate
4,ambathur estate,broadway
5,periyar nagar,vallalar nagar
6,vallalar nagar,periyar nagar
7,poonamallee,thiruvotriyur
8,thiruvotriyur,poonamallee
9,saidapet west,broadway
10,broadway,saidapet west
11,ekkatuthangal,broadway
12,broadway,ekkatuthangal
13,tnagar,broadway
14,broadway,tnagar
15,aynavaram,red hills
16,red hills,aynavaram
17,gnayaru,cmbt
18,cmbt,gnayaru
19,red hills,cmbt
20,cmbt,red hills
21,new erumaivettipalayam,koyambedu market
22,koyambedu market,new erumaivettipalayam
23,padiyanallur,koyambedu market
24,koyambedu market,padiyanallur
25,koyambedu market,seemavaram
26,seemavaram,koyambedu market
27,kkannadasan nagar,high court
28,high court,kkanadasan nagar
29,muthamiz nagar,high court
30,high court,muthamiz nagar
31,high court,kodungaiyur parvathynagar
32,kodungaiyur parvathynagar,high court
33,maraimalai nagar,tambaram
34,tambaram,maraimalai nagar
35,kalivanthapattu,tambaram
36,tambaram,kalivanthapattu
37,puzhuthivakkambs,guduvanchery
38,guduvanchery,puzhuthivakkambs
39,chemmenchery,guindy estate
40,guindy estate,chemmenchery
41,perumbakkam,guindy estate
42,guindy estate,perumbakkam
43,perumbakkam,saidapet
44,saidapet   ,perumbakkam
45,perumbakkam,tnagar
46,tnagar,perumbakkam
49,k kannadasan nagar,tnagar
50,tnagar,k kannadasan nagar
51,kk nagar,broadway
52,broadway,kk nagar
53,kk nagar,vallalar nagar
54,vallalar nagar,kk nagar
57,iyappanthangal,broadway
58,broadway,iyappanthangal
59,tnagar,vhouse
60,vhouse,tnagar
61,broadway,arakambakkam
62,arakambakkam,broadway
55,broadway,kilkondaiyur
63,kilkondaiyur,broadway
64,broadway,oragadam
65,oragadam,broadway
66,broadway,kadhavoor
67,kadhavoor,broadway
69,koyambedu market,manali
70,manali,koyambedu market
71,cmbt,manali
72,manali,cmbt
73,cmbt,minjur
74,minjur,cmbt
75,cmbt,ennore
76,ennore,cmbt
79,pattabiram,mkbnagar
80,mkbnagar,pattabiram
81,cmbt,k kanadasan nagar
82,k kanadasan nagar,cmbt
83,annasquare,thiruverkadu
84,thiruverkadu,annasquare
85,nanganallur,perambur
86,perambur,nanganallur
87,foreshoreestate,cmbt
88,cmbt,foreshoreestate
89,foreshoreestate,vadapalani
90,vadapalani,foreshoreestate
91,mylapore,saligramam
92,saligramam,mylapore
93,annasquare,kk nagar
94,kk nagar,annasquare
95,triplicane,tnagar
96,tnagar,triplicane
97,muthamiz nagar,ennore
98,ennore,muthamiz nagar
99,vhouse,thiruvknagar
100,thiruvknagar,vhouse
101,annasquare,tnagar
102,tnagar,annasquare
103,vinayagapuram,perambur
104,perambur,vinayagapuram
105,thanikachalam,broadway
106,broadway,thanikachalam
107,puthagaram,broadway
108,broadway,puthagaram
109,jjnagar east,tnagar
110,tnagar,jjnagar east
111,ayapakkam,tnagar
112,tnagar,ayapakkam
113,ngo colony,medavakkam
114,medavakkam,ngo colony
115,broadway,anna nagar
116,anna nagar,broadway
117,broadway,avadi
118,avadi,broadway
119,pattabiram,cmbt
120,cmbt,pattabiram
121,cmbt,meppur
122,meppur,cmbt
123,poonamallee,tnagar
124,tnagar,poonamallee
125,nanganallur,poonamallee
126,poonamallee,nanganallur
127,pattur,tnagar
128,tnagar,pattur
129,ennore,vallalar nagar
130,vallalar nagar,ennore
131,minjur,high court
132,high court,minjur
133,thiruvotriyur,red hills
134,red hills,thiruvotriyur
135,periyar nagar,thiruvotriyur
136,thiruvotriyur,periyar nagar
137,red hills,ennore
138,ennore,red hills
139,padiyanallur,thiruvotriyur
140,thiruvotriyur,padiyanallur
141,red hills,manali
142,manali,red hills
143,cmbt,thiruvotriyur
144,thiruvotriyur,cmbt
145,cmbt,tollgate
146,tollgate,cmbt
147,koyambedu market,thiruvotriyur
148,thiruvotriyur,koyambedu market
149,cmbt,ioc
150,ioc,cmbt
151,thiruverkadu,thiruvotriyur
152,thiruvotriyur,thiruverkadu
153,cmbt,kargil nagar
154,kargil nagar,cmbt
155,cmbt,broadway
156,broadway,cmbt
157,broadway,maduravoyal
158,maduravoyal,broadway
159,vadapalani,broadway
160,broadway,vadapalani
161,broadway,koyambedu market
162,koyambedu market,broadway
163,mmdacolony,broadway
164,broadway,mmdacolony
165,icf colony,broadway
166,broadway,icf colony
167,mathurmmda,perambur
168,perambur,mathurmmda
169,koyambedu market,kundrathur
170,kundrathur,koyambedu market
171,mangadu,cmbt
172,cmbt,mangadu
173,cmbt,madhavaram
174,madhavaram,cmbt
47,peravallur kumaran nagar,guindy estate
175,guindy estate,peravallur kumaran nagar
176,guindy estate,thiruvknagar
177,thiruvknagar,guindy estate
178,guindy estate,manali
179,manali,guindy estate
180,saligramam,broadway
181,broadway,saligramam
182,dasarathapuram,broadway
183,broadway,dasarathapuram
184,pattur,vadapalani
185,vadapalani,pattur
186,guindy estate,broadway
187,broadway,guindy estate
188,tambaram,broadway
189,broadway,tambaram
190,kotturpuram,broadway
191,broadway,kotturpuram
192,ramapuram,broadway
193,broadway,ramapuram
194,naduveerapattu,tambaram
195,tambaram,naduveerapattu
198,neelamangalam,tambaram
199,tambaram,neelamangalam
200,tambaram,vadapalani
201,vadapalani,tambaram
202,velachery,broadway
203,broadway,velachery
204,somangalam,tambaram
205,tambaram,somangalam
206,nallur,tambaram
207,tambaram,nallur
208,adyar,chemmenchery
209,chemmenchery,adyar
210,kanathur,tnagar
211,tnagar,kanathur
212,vandaloor,adyar
213,adyar,vandaloor
214,kelambakkam,adyar
215,adyar,kelambakkam
216,thiruvanmiyur,thiruvotriyur
217,thiruvotriyur,thiruvanmiyur
218,broadway,thiruvanmiyur
219,thiruvanmiyur,broadway
220,broadway,villivakkam
221,villivakkam,broadway
222,mogappair,broadway
223,broadway,mogappair
224,broadway,menambedu
225,menambedu,broadway
226,ayapakkam,ambathur estate
227,ambathur estate,ayapakkam
228,thiruverkadu,ambathur estate
229,ambathur estate,thiruverkadu
230,broadway,peravallur kumaran nagar
231,peravallur kumaran nagar,broadway
232,poompuhar,broadway
233,broadway,poompuhar
234,poonamallee,ambathur estate
235,ambathur estate,poonamallee
236,thiruverkadu,villivakkam
237,villivakkam,thiruverkadu
238,broadway,mandaveli
239,mandaveli,broadway
240,ezhilnagar,mandaveli
241,mandaveli,ezhilnagar
242,nandambakkam,broadway
243,broadway,nandambakkam
244,bharath electronics,broadway
245,broadway,bharath electronics
246,thoraipakkam,central
247,central,thoraipakkam
248,annasquare,aynavaram
249,aynavaram,annasquare
250,egmore,pallavakkam
251,pallavakkam,egmore
254,korattur,thiruvanmiyur
255,thiruvanmiyur,korattur
256,aynavaram,besantnagar
257,besantnagar,aynavaram
258,pudur,vallalar nagar
259,vallalar nagar,pudur
260,kallikuppam,vallalar nagar
261,vallalar nagar,kallikuppam
262,vallalar nagar,oragadam
263,oragadam,vallalar nagar
264,mangadu,broadway
265,broadway,mangadu
266,mogalivakkam,broadway
267,broadway,mogalivakkam
268,annasquare,cmbt
269,cmbt,annasquare
56,mmdacolony,annasquare
270,annasquare,mmdacolony
271,triplicane,cmbt
272,cmbt,triplicane
273,thiruverkadu,tnagar
274,tnagar,thiruverkadu
275,foreshoreestate,villivakkam
276,villivakkam,foreshoreestate
277,annasquare,oragadam
278,oragadam,annasquare
279,oragadam,tnagar
280,tnagar,oragadam
281,egmore,thiruvotriyur
282,thiruvotriyur,egmore
283,egmore,manali
284,manali,egmore
285,egmore,ennore
286,ennore,egmore
287,q m artscollege,tollgate
288,tollgate,q m artscollege
289,annasquare,perambur
290,perambur,annasquare
291,annasquare,periyarnagar
292,periyarnagar,annasquare
293,annasquare,peravallur kumaran nagar
294,peravallur kumaran nagar,annasquare
295,saidapet,perambur
296,perambur,saidapet
297,besantnagar,perambur
298,perambur,besantnagar
299,besantnagar,periyarnagar
300,periyarnagar,besantnagar
301,besantnagar,srinivasanagar
302,srinivasanagar,besantnagar
303,thiruvanmiyur,perambur
304,perambur,thiruvanmiyur
305,vhouse,mathurmmda
306,mathurmmda,vhouse
307,thiruverkadu,perambur
308,perambur,thiruverkadu
309,mandaveli,vinayagapuram
310,vinayagapuram,mandaveli
311,cmbt,mandaveli
312,mandaveli,cmbt
313,peravallur kumaran nagar,velachery
314,velachery,peravallur kumaran nagar
317,annasquare,k kanadasan nagar
318,k kanadasan nagar,annasquare
319,vhouse,vallalar nagar
320,vallalar nagar,vhouse
321,vhouse,korukkupet
322,korukkupet,vhouse
323,vhouse,mkbnagar
324,mkbnagar,vhouse
325,mkbnagar,broadway
326,broadway,mkbnagar
327,vadapalani,villivakkam
328,villivakkam,vadapalani
329,iyappanthangal,k kanadasan nagar
330,k kanadasan nagar,iyappanthangal
331,vadapalani,mkbnagar
332,mkbnagar,vadapalani
333,iyappanthangal,vallalar nagar
334,vallalar nagar,iyappanthangal
335,mathurmmda,high court
336,high court,mathurmmda
337,annasquare,thiruvknagar
338,thiruvknagar,annasquare
339,kodungaiyurparvathynagar,thiruvotriyur
340,thiruvotriyur,kodungaiyurparvathynagar
341,vazhuthigaimedu,high court
342,high court,vazhuthigaimedu
343,high court,madhavaram
344,madhavaram,high court
345,azeezeenagar,high court
346,high court,azeezeenagar
347,mandaveli,koyambedu market
348,koyambedu market,mandaveli
349,broadway,periyarnagar
350,periyarnagar,broadway
351,broadway,gkmcolony
352,gkmcolony,broadway
353,broadway,teacherscolony
354,teacherscolony,broadway
355,broadway,srinivasanagar
356,srinivasanagar,broadway
357,high court,manali
358,manali,high court
359,high court,ioc
360,ioc,high court
361,guindy estate,annasquare
362,annasquare,guindy estate
363,kilkatalai,annasquare
364,annasquare,kilkatalai
365,cmbt,thiruvknagar
366,thiruvknagar,cmbt
367,cmbt,villivakkam
368,villivakkam,cmbt
369,kodungaiyurparvathynagar,cmbt
370,cmbt,kodungaiyurparvathynagar
371,cmbt,periyarnagar
372,periyarnagar,cmbt
373,cmbt,mkbnagar
374,mkbnagar,cmbt
375,besantnagar,villivakkam
376,villivakkam,besantnagar
377,korattur,tnagar
378,tnagar,korattur
379,vallalar nagar,villivakkam
380,villivakkam,vallalar nagar
381,ambathurestate,madhavaram
382,madhavaram,ambathur estate
383,madhavaram,jjnagarwest
384,jjnagarwest,madhavaram
385,cmbt,vallalar nagar
386,vallalar nagar,cmbt
387,iyappanthangal,thiruvanmiyur
388,thiruvanmiyur,iyappanthangal
389,thiruverkadu,broadway
390,broadway,thiruverkadu
391,tambaram,chengalpet
392,chengalpet,tambaram
393,chengalpet,hasthinapuram
394,hasthinapuram,chengalpet
395,broadway,ayyappan madan
396,ayyappan madan,broadway
397,tambaram,velachery
398,velachery,tambaram
399,agaramthen,tambaram
400,tambaram,agaramthen
401,kandigai,tambaram
402,tambaram,kandigai
403,navalur,tambaram
404,tambaram,navalur
405,madipakkam,tnagar
406,tnagar,madipakkam
407,moovarasampet,tnagar
408,tnagar,moovarasampet
409,karanai,saidapet
410,saidapet,karanai
411,ottiambakkam,tnagar
412,tnagar,ottiambakkam
413,medavakkam,velachery
414,velachery,medavakkam
415,medavakkam,saidapet
416,saidapet,medavakkam
417,kolathur,tnagar
418,tnagar,kolathur
419,medavakkam,tambaram
420,tambaram,medavakkam
423,puzhuthivakkam,broadway
424,broadway,puzhuthivakkam
425,ponmar,tambaram
426,tambaram,ponmar
427,madarapakkam,tambaram
428,tambaram,madarapakkam
429,pozhichalur,broadway
430,broadway,pozhichalur
431,hasthinapuram,broadway
432,broadway,hasthinapuram
433,chitlapakkam,broadway
434,broadway,chitlapakkam
435,cowlbazaar,broadway
436,broadway,cowlbazaar
437,manimangalam,pozhichalur
438,pozhichalur,manimangalam
439,durganagar,pozhichalur
440,pozhichalur,durganagar
441,kilkatalai,broadway
442,broadway,kilkatalai
443,nanganallur,broadway
444,broadway,nanganallur
445,moovarasampet,broadway
446,broadway,moovarasampet
447,thirumalainagar,pozhichalur
448,pozhichalur,thirumalainagar
449,broadway,poonamallee
450,poonamallee,broadway
451,padurmedu,poonamallee
452,poonamallee,padurmedu
453,pattur,broadway
454,broadway,pattur
455,periyapalayam,vallalar nagar
456,vallalar nagar,periyapalayam
457,thirunindravoor,poonamallee
458,poonamallee,thirunindravoor
459,saidapet,iyappanthangal
460,iyappanthangal,saidapet
461,pattabiram,poonamallee
462,poonamallee,pattabiram
463,poonamallee,ashargana
464,ashargana,poonamallee
465,tnagar,meppur
466,meppur,tnagar
467,kuthambakkam,broadway
468,broadway,kuthambakkam
469,broadway,nemam
470,nemam,broadway
471,vadakkumalaiambakkam,tnagar
472,tnagar,vadakkumalaiambakkam
473,chembarambakkam,broadway
474,broadway,chembarambakkam
475,veppampattu,broadway
476,broadway,veppampattu
477,vandaloor,tambaram
478,tambaram,vandaloor
479,pazhanthandalam,pallavaram
480,pallavaram,pazhanthandalam
481,pazhanthandalam,guduvanchery
482,guduvanchery,pazhanthandalam
483,venkatamangalam,tambaram
484,tambaram,venkatamangalam
485,keerapakkam,tambaram
486,tambaram,keerapakkam
487,manivakkam,tambaram
488,tambaram,manivakkam
489,venkampakkam,tambaram
490,tambaram,venkampakkam
491,dhargasnagar,tambaram
492,tambaram,dhargasnagar
495,broadway,thiruvotriyur
496,thiruvotriyur,broadway
497,annaisivakaminagar,high court
498,high court,annaisivakaminagar
499,thiruvotriyur,vallalar nagar
500,vallalar nagar,thiruvotriyur
503,ennore,high court
504,high court,ennore
505,ernavoor,broadway
506,broadway,ernavoor
507,red hills,tollgate
508,tollgate,red hills
509,vichoor,vallalar nagar
510,vallalar nagar,vichoor
511,madhavaram,vallalar nagar
512,vallalar nagar,madhavaram
513,red hills,vallalar nagar
514,vallalar nagar,red hills
515,angadu,vallalar nagar
516,vallalar nagar,angadu
517,pothur,vallalar nagar
518,vallalar nagar,pothur
519,arumanthai,vallalar nagar
520,vallalar nagar,arumanthai
521,gnayaru,red hills
522,red hills,gnayaru
523,poochaithipedu,high court
524,high court,poochaithipedu
525,kanniamman nagar,high court
526,high court,kanniamman nagar
527,vichoor,red hills
528,red hills,vichoor
529,high court,karanodai
530,karanodai,high court
531,vazhuthigaimedu,red hills
532,red hills,vazhuthigaimedu
533,alamathi,high court
534,high court,alamathi
535,gnayaru,high court
536,high court,gnayaru
537,erumaivettipalayam,high court
538,high court,erumaivettipalayam
539,thiruverkadu,vallalar nagar
540,vallalar nagar,thiruverkadu
541,vallalar nagar,ioc
542,ioc,vallalar nagar
543,tambaram,tnagar
544,tnagar,tambaram
545,tnagar,mylapore
546,mylapore,tnagar
547,vadapalani,besantnagar
548,besantnagar,vadapalani
549,koyambedu market,thiruvanmiyur
550,thiruvanmiyur,koyambedu market
551,taramani,vadapalani
552,vadapalani,taramani
553,broadway,anakaputhur
554,anakaputhur,broadway
555,kundrathur,broadway
556,broadway,kundrathur
557,kamarajapuram,broadway
558,broadway,kamarajapuram
559,srisankara health centre,broadway
560,broadway,srisankara health centre
561,melappedu,ambathur estate
562,ambathur estate,melappedu
563,muthapudupet,avadi
564,avadi,muthapudupet
565,koyambedu market,kilkondaiyur
566,kilkondaiyur,koyambedu market
567,kanniamman nagar,avadi
568,avadi,kanniamman nagar
569,red hills,avadi
570,avadi,red hills
571,red hills,ambathur estate
572,ambathurestate,red hills
573,padiyanallur,ambathur estate
574,ambathur estate,padiyanallur
575,broadway,k kanadasan nagar
576,k kanadasan nagar,broadway
577,broadway,minjur
578,minjur,broadway
579,manali,broadway
580,broadway,manali
581,kosappur,broadway
582,broadway,kosappur
583,broadway,kodungaiyur parvathynagar
584,kodungaiyur parvathynagar,broadway
585,minjur,perambur
586,perambur,minjur
587,avadi,poonamallee
588,poonamallee,avadi
589,pakkamvillage,ambathur estate
590,ambathur estate,pakkamvillage
591,melkondaiyur,avadi
592,avadi,melkondaiyur
593,vadathur,avadi
594,avadi,vadathur
595,meyyur,avadi
596,avadi,meyyur
597,iyappanthangal,ambathur estate
598,ambathur estate,iyappanthangal
599,poonamallee,korattur
600,korattur,poonamallee
601,poonamallee,tambaram
602,tambaram,poonamallee
603,kundrathur,hasthinapuram
604,hasthinapuram,kundrathur
605,kundrathur,tambaram
606,tambaram,kundrathur
607,poonamallee,pallavaram
608,pallavaram,poonamallee
609,tambaram,koyambedu market
610,koyambedu market,tambaram
611,thoraipakkam,cmbt
612,cmbt,thoraipakkam
613,kilkatalai,cmbt
614,cmbt,kilkatalai
615,kannaginagar,cmbt
616,cmbt,kannaginagar
617,sidco,broadway
618,broadway,sidco
619,pudur,broadway
620,broadway,pudur
621,broadway,senthilnagar
622,senthilnagar,broadway
623,menambedu,cmbt
624,cmbt,menambedu
625,koyambedu market,puzhal
626,puzhal,koyambedu market
627,karuku,cmbt
628,cmbt,karuku
629,madhanakuppam,koyambedu market
630,koyambedu market,madhanakuppam
631,cmbt,avadi
632,avadi,cmbt
633,poochaithipedu,koyambedu market
634,koyambedu market,poochaithipedu
635,veppampattu,cmbt
636,cmbt,veppampattu
637,broadway,korattur
638,korattur,broadway
639,padikuppam,broadway
640,broadway,padikuppam
641,saidapet west,thiruvanmiyur
642,thiruvanmiyur,saidapet west
643,padappai,tambaram
644,tambaram,padappai
645,saidapet,kundrathur
646,kundrathur,saidapet
647,thandalam,broadway
648,broadway,thandalam
649,nandambakkam,tnagar
650,tnagar,nandambakkam
651,kundrathur,saidapet west
652,saidapet west,kundrathur
653,periyarcolony,tnagar
654,tnagar,periyarcolony
655,broadway,somangalam
656,somangalam,broadway
657,high court,thiruvknagar
658,thiruvknagar,high court
659,tambaram,thiruvanmiyur
660,thiruvanmiyur,tambaram
661,kannaginagar,tambaram
662,tambaram,kannaginagar
665,shozhinganallur,tambaram
666,tambaram,shozhinganallur
667,adyar,tambaram
668,tambaram,adyar
669,agscolony,broadway
670,broadway,agscolony
671,thiruvanmiyur,central
672,central,thiruvanmiyur
673,nandambakkam,annasquare
674,annasquare,nandambakkam
675,devik eswari nagar,guindy estate
676,guindy estate,devik eswari nagar
677,thiruvotriyur,high court
678,high court,thiruvotriyur
679,velachery,thiruverkadu
680,thiruverkadu,velachery
681,velachery,ambathur estate
682,ambathur estate,velachery
683,pattabiram,guindy estate
684,guindy estate,pattabiram
685,kilkatalai,poonamallee
686,poonamallee,kilkatalai
687,mannivakkam,tambaram
688,tambaram,mannivakkam
689,nanganallur,thiruvanmiyur
690,thiruvanmiyur,nanganallur
691,thiruvanmiyur,tnagar
692,tnagar,thiruvanmiyur
693,kilkatalai,thiruvanmiyur
694,thiruvanmiyur,kilkatalai
695,kezhakaranai koot rd,tambaram
696,tambaram,kezhakaranai koot rd
699,tnagar,chemmenchery
700,chemmenchery,tnagar
701,nolambur nagar,tnagar
702,tnagar,nolambur nagar
705,central,nanganallur
706,nanganallur,central
707,mylapore,tambaram
708,tambaram,mylapore
709,guduvanchery,tambaram
710,tambaram,guduvanchery
711,vandaloor,thirusoolam
712,thirusoolam,vandaloor
713,kilkatalai,tnagar
714,tnagar,kilkatalai
715,guduvanchery,hasthinapuram
716,hasthinapuram,guduvanchery
717,guduvanchery,nanganallur
718,nanganallur,guduvanchery
719,kelambakkam,tnagar
720,tnagar,kelambakkam
721,kannaginagar,tnagar
722,tnagar,kannaginagar
723,thoraipakkam,tnagar
724,tnagar,thoraipakkam
725,chrompet,velachery
726,velachery,chrompet
727,kannaginagar,central
728,central,kannaginagar
729,cmbt,tnagar
730,tnagar,cmbt
731,annasquare,thiruvotriyur
732,thiruvotriyur,annasquare
735,madipakkam,vhouse
736,vhouse,madipakkam
739,pallavaram,kilkatalai
740,kilkatalai,pallavaram
741,shozhinganallur,tnagar
742,tnagar,shozhinganallur
743,saidapet,kelambakkam
744,kelambakkam,saidapet
747,pozhichalur,hasthinapuram
748,hasthinapuram,pozhichalur
749,guduvanchery,pozhichalur
750,pozhichalur,guduvanchery
751,kargil nagar,high court
752,high court,kargil nagar
755,nanganallur,koyambedu market
756,koyambedu market,nanganallur
757,thiruvanmiyur,cmbt
758,cmbt,thiruvanmiyur
759,vadapalani,kundrathur
760,kundrathur,vadapalani
761,iyappanthangal,kundrathur
762,kundrathur,iyappanthangal
763,nallur,koyambedu market
764,koyambedu market,nallur
765,amarambedu,broadway
766,broadway,amarambedu
767,somangalam,porur
768,porur,somangalam
769,iyappanthangal,amarambedu
770,amarambedu,iyappanthangal
771,agscolony,tnagar
772,tnagar,agscolony
773,nolambur nagar,velachery
774,velachery,nolambur nagar
775,j j nagar east,broadway
776,broadway,j j nagar east
777,j j nagar west,broadway
778,broadway,j j nagar west
779,kelambakkam,broadway
780,broadway,kelambakkam
781,thiruvanmiyur,siruchery it park
782,siruchery it park,thiruvanmiyur
783,kelambakkam,central
784,central,kelambakkam
785,kelambakkam,thiruvotriyur
786,thiruvotriyur,kelambakkam
787,kovalam,broadway
788,broadway,kovalam
789,thiruverkadu,tambaram
790,tambaram,thiruverkadu
791,red hills,guindy estate
792,guindy estate,red hills
793,padiyanallur,guindy estate
794,guindy estate,padiyanallur
795,vandaloor,red hills
796,red hills,vandaloor
797,padiyanallur,tambaram
798,tambaram,padiyanallur
799,padiyanallur,cmbt
800,cmbt,padiyanallur
801,ambathurestate,tnagar
802,tnagar,ambathurestate
803,thiruvallur,cmbt
804,cmbt,thiruvallur
805,cmbt,pandur
806,pandur,cmbt
807,cmbt,perambakkam
808,perambakkam,cmbt
809,thirunindravoor,tnagar
810,tnagar,thirunindravoor
811,iyappanthangal,tambaram
812,tambaram,iyappanthangal
813,vandaloor,madhavaram
814,madhavaram,vandaloor
815,kallikuppam,vandaloor
816,vandaloor,kallikuppam
817,k kanadasan nagar,vandaloor
818,vandaloor,k kanadasan nagar
821,tambaram,thiruvotriyur
822,thiruvotriyur,tambaram
823,thiruvanmiyur,ennore
824,ennore,thiruvanmiyur
825,velachery,thiruvotriyur
826,thiruvotriyur,velachery
827,thiruvotriyur,medavakkam
828,medavakkam,thiruvotriyur
829,ayanavaram,thiruvanmiyur
830,thiruvanmiyur,ayanavaram
831,egmore,injambakkam
832,injambakkam,egmore
833,velachery,villivakkam
834,villivakkam,velachery
835,red hills,broadway
836,broadway,red hills
837,vhouse,anna nagar
838,anna nagar,vhouse
839,vhouse,avadi
840,avadi,vhouse
841,poonamallee,annasquare
842,annasquare,poonamallee
843,tambaram,avadi
844,avadi,tambaram
845,j j nagar,annasquare
846,annasquare,j j nagar
849,j j nagar east,annasquare
850,annasquare,j j nagar east
851,thiruvanmiyur,mathurmmda
852,mathurmmda,thiruvanmiyur
853,foreshore estate,tollgate
854,tollgate,foreshore estate
855,annasquare,avadi
856,avadi,annasquare
857,annasquare,veppampattu nagar
858,veppampattu nagar,annasquare
859,avadi,mandaveli
860,mandaveli,avadi
861,thiruvanmiyur,icf
862,icf,thiruvanmiyur
863,kotturpuram,ambathur estate
864,ambathur estate,kotturpuram
865,avadi,thiruvanmiyur
866,thiruvanmiyur,avadi
867,mahendra city,broadway
868,broadway,mahendra city
869,tambaram,venbakkam
870,venbakkam,tambaram
871,poondi,vadapalani
872,vadapalani,poondi
873,periyapalayam,cmbt
874,cmbt,periyapalayam
875,enambakkam,cmbt
876,cmbt,enambakkam
877,tambaram,mamallapuram
878,mamallapuram,tambaram
879,vadanemili,pallavaram
880,pallavaram,vadanemili
881,thiruporur,pallavaram
882,pallavaram,thiruporur
883,thiruporur,tnagar
884,tnagar,thiruporur
885,thiruporur,adyar
886,adyar,thiruporur
887,ammapettai,adyar
888,adyar,ammapettai
889,thiruporur,broadway
890,broadway,thiruporur
891,sunguvarchathiram,vadapalani
892,vadapalani,sunguvarchathiram
893,arani,cmbt
894,cmbt,arani
895,pattabiram,ponneri
896,ponneri,pattabiram
897,kadambattur,vadapalani
898,vadapalani,kadambattur
899,thirumazhisai,broadway
900,broadway,thirumazhisai
901,sriperumbudur,broadway
902,broadway,sriperumbudur
903,sunguvarchathiram,thiruvanmiyur
904,thiruvanmiyur,sunguvarchathiram
905,poonamallee,mandaveli
906,mandaveli,poonamallee
907,sriperumbudur,poonamallee
908,poonamallee,sriperumbudur
909,sunguvarchathiram,tnagar
910,tnagar,sunguvarchathiram
911,sriperumbudur,puzhuthivakkam
912,puzhuthivakkam,sriperumbudur
913,thiruporur,tambaram
914,tambaram,thiruporur
915,gummudipoondi,high court
916,high court,gummudipoondi
917,ponneri,vallalar nagar
918,vallalar nagar,ponneri
919,pazhaverkadu,red hills
920,red hills,pazhaverkadu
921,avurivakkam,red hills
922,red hills,avurivakkam
923,sriperumbudur,red hills
924,red hills,sriperumbudur
925,poonamallee,ponneri
926,ponneri,poonamallee
927,periyapalayam,ambathur estate
928,ambathur estate,periyapalayam
929,sriperumbudur,pattabiram
930,pattabiram,sriperumbudur
931,sunguvarchathiram,avadi
932,avadi,sunguvarchathiram
933,thiruporur,kundrathur
934,kundrathur,thiruporur
935,thiruvallur,tambaram
936,tambaram,thiruvallur
937,pattur,kovalam
938,kovalam,pattur
939,mamallapuram,adyar
940,adyar,mamallapuram
941,kelambakkam,cmbt
942,cmbt,kelambakkam
943,thiruporur,cmbt
944,cmbt,thiruporur
945,siruchery it,cmbt
946,cmbt,siruchery it
947,thiruvallur,ambathur estate
948,ambathur estate,thiruvallur
949,sriperumbudur,kundrathur
950,kundrathur,sriperumbudur
951,elambakkam,kundrathur
952,kundrathur,elambakkam
953,walajabad,tambaram
954,tambaram,walajabad
955,avadi,arani
956,arani,avadi
957,periyapalayam,poonamallee
958,poonamallee,periyapalayam
959,vallakottai,tnagar
960,tnagar,vallakottai
961,sriperumbudur,tambaram
962,tambaram,sriperumbudur
963,sriperumbudur,thiruvallur
964,thiruvallur,sriperumbudur
965,vadapalani,perambakkam
966,perambakkam,vadapalani
967,poonamallee,perambakkam
968,perambakkam,poonamallee
969,thiruvallur,tnagar
970,tnagar,thiruvallur
971,mamallapuram,tnagar
972,tnagar,mamallapuram
973,poonamallee,red hills
974,red hills,poonamallee
975,thiruvanmiyur,tollgate
976,tollgate,thiruvanmiyur
977,vandaloor,avadi
978,avadi,vandaloor
979,madipakkam,ambathur estate
980,ambathur estate,madipakkam
981,anna nagar,thiruvanmiyur
982,thiruvanmiyur,anna nagar
983,tambaram,pattabiram
984,pattabiram,tambaram
985,veppampattu,tnagar
986,tnagar,veppampattu
987,cmbt,vandaloor
988,vandaloor,cmbt
989,broadway,thirunindravoor
990,thirunindravoor,broadway
991,thiruvanmiyur,vandaloor
992,vandaloor,thiruvanmiyur
993,shozhinganallur,thiruvanmiyur
994,thiruvanmiyur,shozhinganallur
995,vandaloor,broadway
996,broadway,vandaloor
997,thiruvanmiyur,royapuram
998,royapuram,thiruvanmiyur
999,tambaram,broadway
1000,broadway,tambaram
1001,padiyanallur,high court
1002,high court,padiyanallur
1003,velachery,ambathur estate
1004,ambathur estate,velachery
1005,guduvanchery,broadway
1006,broadway,guduvanchery
1007,guduvanchery,tnagar
1008,tnagar,guduvanchery
1009,maraimalai nagar,tnagar
1010,tnagar,maraimalai nagar
1011,guduvanchery,vadapalani
1012,vadapalani,guduvanchery
1013,saidapet,tambaram
1014,tambaram,saidapet
1015,balaji nagar,tambaram
1016,tambaram,balaji nagar
1017,prithyangara temple,tnagar
1018,tnagar,prithyangara temple
1021,nanganallur,annasquare
1022,annasquare,nanganallur
1023,kovalam,tambaram
1024,tambaram,kovalam
1025,thiruvanmiyur,guduvanchery
1026,guduvanchery,thiruvanmiyur
1027,thiruvanmiyur,t v k nagar
1028,t v k nagar,thiruvanmiyur
1029,madipakkam,broadway
1030,broadway,madipakkam
1031,chemmenchery,broadway
1032,broadway,chemmenchery
1033,kannaginagar,broadway
1034,broadway,kannaginagar
1035,ottiambakkam,broadway
1036,broadway,ottiambakkam
1037,perumbakkam,broadway
1038,broadway,perumbakkam
1039,thoraipakkam,broadway
1040,broadway,thoraipakkam
1041,siruchery it,tambaram
1042,tambaram,siruchery it
1043,kovalam,thiruvanmiyur
1044,thiruvanmiyur,kovalam
1045,tamarapakkam,cmbt
1046,cmbt,tamarapakkam
1047,oonamancheri,broadway
1048,broadway,oonamancheri
1049,shozhinganallur,velachery
1050,velachery,shozhinganallur
1051,siruchery it,guindy estate
1052,guindy estate,siruchery it
1053,mogappair,thiruvanmiyur
1054,thiruvanmiyur,mogappair
1055,tnagar,senthilnagar
1056,senthilnagar,tnagar
1057,venkatachalam,tnagar
1058,tnagar,venkatachalam
1059,vengaivasal,broadway
1060,broadway,vengaivasal
1061,hasthinapuram,broadway
1062,broadway,hasthinapuram
1063,thirumazhisai,cmbt
1064,cmbt,thirumazhisai
1065,vellavedu,cmbt
1066,cmbt,vellavedu
1067,vellavedu,saidapet
1068,saidapet,vellavedu
1069,pazhanthandalam,broadway
1070,broadway,pazhanthandalam
1071,tondiarpet,manali
1072,manali,tondiarpet
1073,cmbt,iyyappanthangal
1074,iyyappanthangal,cmbt
1075,tambaram,thiruvknagar
1076,thiruvknagar,tambaram
1077,manali,velachery
1078,velachery,manali
1079,kattrambakkam,tnagar
1080,tnagar,kattrambakkam
1081,thalambur,tnagar
1082,tnagar,thalambur
1083,guduvanchery,velachery
1084,velachery,guduvanchery
1085,thiruporur,central
1086,central,thiruporur
1087,annasquare,korattur
1088,korattur,annasquare
1089,puthagaram,vallalar nagar
1090,vallalar nagar,puthagaram
1091,tnagar,agaramthen
1092,agaramthen,tnagar
1093,annasquare,elangonagar
1094,elangonagar,annasquare
1095,thoraipakkam,perambur
1096,perambur,thoraipakkam
1097,periyar nagar,thiruvanmiyur
1098,thiruvanmiyur,periyar nagar
1099,thiruvotriyur,ambathur estate
1100,ambathur estate,thiruvotriyur
1101,annasquare,ambathur estate
1102,ambathur estate,annasquare
1103,echankaranai,tambaram
1104,tambaram,echankaranai
1105,chengalpet,velachery
1106,velachery,chengalpet
1107,chengalpet,tambaram
1108,tambaram,chengalpet
1109,thiruvallur,red hills
1110,red hills,thiruvallur
1111,periyapalayam,red hills
1112,red hills,periyapalayam
1113,madarapakkam,red hills
1114,red hills,madarapakkam
1115,kelambakkam,vandaloor
1116,vandaloor,kelambakkam
1117,alathur,tnagar
1118,tnagar,alathur
1119,adyar,koman nagar
1120,koman nagar,adyar
1121,ponmar,broadway
1122,broadway,ponmar
1123,manamathi,adyar
1124,adyar,manamathi
1125,perunthandalam,thiruvanmiyur
1126,thiruvanmiyur,perunthandalam
1127,karumbakkam,thiruvanmiyur
1128,thiruvanmiyur,karumbakkam
1129,broadway,moulivakkam
1130,moulivakkam,broadway
1131,agarammel,mandaveli
1132,mandaveli,agarammel
1133,vellavedu,broadway
1134,broadway,vellavedu
1135,vellavedu,velachery
1136,velachery,vellavedu
1137,t acaharavakkam,velachery
1138,velachery,t acaharavakkam
1139,kelambakkam,tambaram
1140,tambaram,kelambakkam
1141,guduvanchery,kelambakkam
1142,kelambakkam,guduvanchery
1143,padappai,kelambakkam
1144,kelambakkam,padappai
1145,kattupalli,thiruvotriyur
1146,thiruvotriyur,kattupalli
1147,annamalaichery,red hills
1148,red hills,annamalaichery
1149,kallur,red hills
1150,red hills,kallur
1151,minjur,red hills
1152,red hills,minjur
1153,puducherymedu,ponneri
1154,ponneri,puducherymedu
1155,perumbedukuppam,red hills
1156,red hills,perumbedukuppam
1157,melkottiyur,tambaram
1158,tambaram,melkottiyur
1159,thandalam,ambathur estate
1160,ambathur estate,thandalam
1161,thiruporur,velachery
1162,velachery,thiruporur
1163,athipattu,tollgate
1164,tollgate,athipattu
1165,thalambur,cmbt
1166,cmbt,thalambur
1167,thiruvallur,avadi
1168,avadi,thiruvallur
1169,kizhanoor,ambathur estate
1170,ambathur estate,kizhanoor
1171,sriperumbudur,vadapalani
1172,vadapalani,sriperumbudur
1173,broadway,padappai
1174,padappai,broadway
1175,velachery,padappai
1176,padappai,velachery
1177,malanthur,avadi
1178,avadi,malanthur
1179,bhondur,tambaram
1180,tambaram,bhondur
1181,uthukottai,red hills
1182,red hills,uthukottai
1183,vandaloor,korukkpet
1184,korukkpet,vandaloor
1185,shozhinganallur,kelambakkam
1186,kelambakkam,shozhinganallur
1187,manivakkam,velachery
1188,velachery,manivakkam
1189,pozhichalur,thiruvanmiyur
1190,thiruvanmiyur,pozhichalur
1191,guduvanchery,thoraipakkam
1192,thoraipakkam,guduvanchery
1193,kannam,thiruverkadu
1194,thiruverkadu,kannam
1195,tnagar,kancheepuram
1196,kancheepuram,tnagar
1197,broadway,anakaputhur
1198,anakaputhur,broadway
1199,tnagar,vellavedu
1200,vellavedu,tnagar
1201,gnanmoorthy nagar,cmbt
1202,cmbt,gnanmoorthy nagar
1203,ottiambakkam,cmbt
1204,cmbt,ottiambakkam
1205,tambaram,ambathur estate
1206,ambathur estate,tambaram
1207,kanniamman nagar,cmbt
1208,cmbt,kanniamman nagar
1209,oragadam,kilkatalai
1210,kilkatalai,oragadam
